Model,Accuracy,Precision,Recall,F1-Score
Logistic Regression,0.195,0.20865235330058315,0.195,0.18722042273252965
Decision Tree,0.18,0.18273187799362547,0.18,0.18031461838449367
Random Forest,0.19333333333333333,0.19538658475003393,0.19333333333333333,0.19140564868200088
SVM,0.20833333333333334,0.21397959183673468,0.20833333333333334,0.20426044884707156
KNN,0.18666666666666668,0.18846878861957805,0.18666666666666668,0.18269530293221234
